date,total_equity,gross_exposure,margin_used,maintenance_margin,available_equity,leverage,margin_status
2025-01-30,100000000.0,0.0,0.0,0.0,100000000.0,0.0,SAFE
2025-01-31,129587110.08049999,30262400.0,14981103.899999999,10591840.0,118995270.08049999,0.23352939949969473,SAFE
2025-02-03,129587110.08049999,30262400.0,14981103.899999999,10591840.0,118995270.08049999,0.23352939949969473,SAFE
2025-02-04,99549200.8869,0.0,0.0,0.0,99549200.8869,0.0,SAFE
2025-02-05,131312617.20889999,28837600.0,15169215.6,10093160.0,121219457.20889999,0.21961027518112305,SAFE
2025-02-06,131567817.20889999,28582400.0,15169215.6,10003840.0,121563977.20889999,0.21724461655100352,SAFE
2025-02-07,101157887.13529998,0.0,0.0,0.0,101157887.13529998,0.0,SAFE
2025-02-10,133290041.98029998,28407400.0,15153831.0,9942590.0,123347451.98029998,0.21312469842419707,SAFE
2025-02-11,130807841.98029998,30889600.0,15153831.0,10811360.0,119996481.98029998,0.23614486358281225,SAFE
2025-02-12,100422909.64589998,0.0,0.0,0.0,100422909.64589998,0.0,SAFE
2025-02-13,129854159.69439998,32308400.0,15454230.3,11307940.0,118546219.69439998,0.2488052756726076,SAFE
2025-02-14,128758959.69439998,33403600.0,15454230.3,11691260.0,117067699.69439998,0.2594273833780656,SAFE
2025-02-17,97766939.989,0.0,0.0,0.0,97766939.989,0.0,SAFE
2025-02-18,97766939.989,0.0,0.0,0.0,97766939.989,0.0,SAFE
2025-02-19,97766939.989,0.0,0.0,0.0,97766939.989,0.0,SAFE
2025-02-20,97766939.989,0.0,0.0,0.0,97766939.989,0.0,SAFE
2025-02-21,97766939.989,0.0,0.0,0.0,97766939.989,0.0,SAFE
2025-02-24,97766939.989,0.0,0.0,0.0,97766939.989,0.0,SAFE
2025-02-25,97766939.989,0.0,0.0,0.0,97766939.989,0.0,SAFE
2025-02-26,97766939.989,0.0,0.0,0.0,97766939.989,0.0,SAFE
2025-02-27,97766939.989,0.0,0.0,0.0,97766939.989,0.0,SAFE
2025-02-28,97766939.989,0.0,0.0,0.0,97766939.989,0.0,SAFE
2025-03-03,97766939.989,0.0,0.0,0.0,97766939.989,0.0,SAFE
2025-03-04,97766939.989,0.0,0.0,0.0,97766939.989,0.0,SAFE
2025-03-05,97766939.989,0.0,0.0,0.0,97766939.989,0.0,SAFE
2025-03-06,97766939.989,0.0,0.0,0.0,97766939.989,0.0,SAFE
2025-03-07,68569870.05645,29549000.0,14675510.85,10342150.0,58227720.056449994,0.430932711053322,SAFE
2025-03-10,68569870.05645,29549000.0,14675510.85,10342150.0,58227720.056449994,0.430932711053322,SAFE
2025-03-11,97817544.12895,0.0,0.0,0.0,97817544.12895,0.0,SAFE
2025-03-12,66991011.77695,28413000.0,14798783.999999998,9944550.0,57046461.77695,0.42413152520524,SAFE
2025-03-13,66298011.77695,27720000.0,14798783.999999998,9702000.0,56596011.77695,0.4181120859741601,SAFE
2025-03-14,95798629.07695,0.0,0.0,0.0,95798629.07695,0.0,SAFE
2025-03-17,67939020.47745,29707000.0,14380866.499999998,10397450.0,57541570.47745,0.4372597631115422,SAFE
2025-03-18,64773520.477450006,26541500.0,14380866.499999998,9289525.0,55483995.477450006,0.4097584908827065,SAFE
2025-03-19,93442424.5812,0.0,0.0,0.0,93442424.5812,0.0,SAFE
2025-03-20,64279382.902950004,27507000.0,14156892.75,9627450.0,54651932.902950004,0.42792881259501964,SAFE
2025-03-21,63760382.902950004,26988000.0,14156892.75,9445800.0,54314582.902950004,0.4232722385164871,SAFE
2025-03-24,91979777.87295,0.0,0.0,0.0,91979777.87295,0.0,SAFE
2025-03-25,65433982.69275001,28724400.0,13807193.399999999,10053540.0,55380442.69275001,0.4389829079314566,SAFE
2025-03-26,66002782.69275001,29293200.0,13807193.399999999,10252620.0,55750162.69275001,0.44381765139150225,SAFE
2025-03-27,93514716.52575001,0.0,0.0,0.0,93514716.52575001,0.0,SAFE
2025-04-08,93514716.52575001,0.0,0.0,0.0,93514716.52575001,0.0,SAFE
2025-04-09,93514716.52575001,0.0,0.0,0.0,93514716.52575001,0.0,SAFE
2025-04-10,93514716.52575001,0.0,0.0,0.0,93514716.52575001,0.0,SAFE
2025-04-11,119627767.04775001,29858400.0,14010375.6,10450440.0,109177327.04775001,0.24959422663203162,SAFE
2025-04-14,119065694.198,36487000.0,15528905.549999999,12770450.0,106295244.198,0.3064442721790547,SAFE
2025-04-15,91772637.73550001,3541700.0,1851746.4000000001,1239595.0,90533042.73550001,0.03859211293683869,SAFE
2025-04-16,92064519.98475,3967600.0,2031416.5500000003,1388660.0,90675859.98475,0.0430958636471163,SAFE
2025-04-17,88378813.30535002,388800.0,194205.6,136080.0,88242733.30535002,0.004399244405519348,SAFE
2025-04-21,88371613.30535002,396000.0,194205.6,138600.0,88233013.30535002,0.004481076956598077,SAFE
2025-04-22,87826080.28610002,0.0,0.0,0.0,87826080.28610002,0.0,SAFE
2025-04-23,60495974.14340002,25886500.0,13294180.899999999,9060275.0,51435699.14340002,0.4279045071435412,SAFE
2025-04-24,59820674.14340002,25211200.0,13294180.899999999,8823920.0,50996754.14340002,0.42144627022364534,SAFE
2025-04-25,86320859.77140002,0.0,0.0,0.0,86320859.77140002,0.0,SAFE
2025-04-28,112093822.1949,25889400.0,12931755.299999999,9061290.0,103032532.1949,0.23096188079826138,SAFE
2025-04-29,108687322.1949,29295900.0,12931755.299999999,10253565.0,98433757.1949,0.26954293664044904,SAFE
2025-04-30,86393217.35145001,0.0,0.0,0.0,86393217.35145001,0.0,SAFE
2025-05-02,113566851.79245001,27296400.0,13634551.799999999,9553740.0,104013111.79245001,0.24035534638122882,SAFE
